5003;Archery range created/selected;
5011;Blacksmith created;
5012;Barracks created/selected;
5031;Monastary created/selected;
5032;Castle created/selected;
5043;Dock created/selected;
5045;Farm created/selected;
5061;Tower (any kind) created/selected;
5097;Mangonel line firing;
5100;Mill created/selected;
5110;Market created/selected;
5123;Town Center created/selected;
5127;Siege Workshop created/selected;
5134;Stable created/selected;
5164;Trade Workshop created/selected;
5229;University created/selected;
5272;Wall (any kind) created/selected;
5276;Outpost created/selected;
5284;Unknown- some sort of buzzer?;
5286;Arrow firing;
5287;Arrow firing;
5288;Arrow firing;
5289;Arrow firing;
5297;Wave crashing;
5298;Wave crashing;
5299;Unknown Soldier;
5300;Unknown- no clue;
5301;Villager chopping wood;
5302;Villager chopping wood;
5303;Villager chopping wood;
5304;Sword hacking;
5305;Sword hacking;
5306;Wall selected?;
5308;Unknown soldier;
5309;Unit Death;
5310;Unit Death;
5311;Unit Death;
5312;Unit Death;
5313;Unit Death;
5314;Unit Death;
5315;Unknown Unit Talking;
5316;Large Projectile Hitting Building;
5317;Large Projectile Hitting Building;
5318;Large Projectile Hitting Building;
5319;Unknown Useless Sound;
5320;Unknown Useless Sound;
5321;Unknown Useless Sound;
5322;Building on Fire;
5323;Building on Fire;
5324;Building on Fire;
5326;Gate Opening/Unlocked;
5327;Unknown Unit Talking;
5329;Unknown Unit Talking;
5330;Unit Grunting;
5331;Unknown- Menu Selection?;
5332;Unknown Useless Sound;
5333;Unknown Useless Sound;
5334;Unknown Useless Sound;
5335;Horseman Death;
5336;Horseman Death;
5337;Horseman Death;
5338;Unknown Unit Talking;
5339;Random Horseman Sound;
5343;Random Horseman Sound;
5344;Horseman Selected;
5345;Horseman Selected;
5346;Horseman Tasked (Hoofbeats);
5347;Unknown- Mill?;
5348;Unknown- Mill?;
5350;Mining Camp created/selected;
5351;Mining Camp created/selected;
5352;Mining Camp created/selected;
5353;Villager Created;
5354;Unknown Unit Talking;
5357;Unknown Unit Talking;
5358;Swords Clashing;
5359;Swords Clashing;
5360;Swords Clashing;
5361;Swords Clashing;
5362;Swords Clashing;
5363;Trade Cart Created/Selected;
5364;Trade Cart Created/Selected;
5365;Trade Cart Tasked;
5366;Trebuchet Created/Selected;
5367;Siege Weapon Destroyed;
5368;Trebuchet Firing;
5369;Unknown- Siege Weapon?;
5374;Unknown Useless Sound;
5412;Ship Destroyed;
5413;Ship Tasked;
5414;Ship Tasked;
5415;Ship Tasked;
5416;Dock/Ship Created/Selected;
5417;Ship Tasked;
5418;Unknown- Wall Created?;
5419;Random Horse Whinny;
5420;Random Horse Sound;
5421;Random Horse Sound;
5422;Random Horse Sound;
5423;Infantry/Archer/Horseman Created;
5425;Trebuchet Firing;
5426;Trebuchet Firing;
5427;Unknown- Identical to 5369;
5428;Unknown- Identical to 5370;
5447;Scorpion Firing;
5448;Scorpion Firing;
5449;Scorpion Firing;
5450;Scorpion Firing;
5451;Hand Cannoneer/Janissary Firing;
5452;Hand Cannoneer/Janissary Firing;
5453;Hand Cannoneer/Janissary Firing;
5456;Wonder Created/Selected;
5457;Unknown- Unit Talking?;
5459;Crash- Projectile Hitting Building;
5460;Unknown- Archer Firing?;
5461;Unknown- Archer Firing?;
5462;Unknown- Archer Firing?;
5463;House Created/Selected;
5464;Archer Firing;
5465;Archer Firing;
5466;Sword;
5467;Sword;
5468;Sword;
5469;Unit Garrisoned;
5470;Unit Ungarrisoned;
5471;Archer Firing;
5472;Archer Firing;
5473;Archer Firing;
5474;Archer Firing;
5476;Unknown- Horseman Falling?;
5477;Unknown- Horseman Falling?;
5478;Horseman Dying;
5479;Horseman Dying;
5480;Horseman Dying;
5483;Wolf Howling;
5484;Unknown- Wolf Dying?;
5485;Wolf Growling;
5486;Cannon Firing;
5487;Cannon Firing;
5488;Cannon Firing;
5489;Wall Selected?;
5490;Unknown- Horseman Riding?;
5491;Cavalry Archer Tasked;
5492;Unknown- Horse? Growl?;
5493;Unknown- Horse or Wolf?;
5494;Monk Converting;
5495;Monk Converting;
5496;Farm Created/Selected;
5497;Monk Healing;
5498;Ship Destroyed;
5499;Ship Destroyed;
5500;Ship Destroyed;
5515;Battering Ram Attacking;
5516;Battering Ram Attacking;
5517;Battering Ram Attacking;
5518;Battering Ram Attacking;
5520;Hand Cannoneer/Jannisary Firing;
5521;Hand Cannoneer/Jannisary Firing;
5522;Hand Cannoneer/Jannisary Firing;
5526;Villager Talking;
5527;Unknown- Mill Background Sound?;
5528;Unknown- Mill Background Sound?;
5529;Unknown- Mill Background Sound?;
5530;Unknown- Mill Background Sound?;
5531;Scorpion Firing;
5532;Scorpion Firing;
5533;Scorpion Firing;
5534;Scorpion Firing;
5555;Mill Background Noise;
5556;Mill Background Noise;
5557;Mill Background Noise;
5558;Mill Background Noise;
5559;Mill Background Noise;
5560;Mill Background Noise;
5561;Mill Background Noise;
5562;Mill Background Noise;
5563;Camel Created/Selected;
5564;Camel Created/Selected;
5565;Camel Created/Selected;
5566;Camel Created/Selected;
5570;Arrow Fired;
5622;Demolition Ship Attacking/Destroyed;
5623;Demolition Ship Attacking/Destroyed;
5649;Splash (Ship Destroyed);
5650;Splash;
5651;Splash;
5925;Lumber Camp Created/Selected;
5927;Mining Camp Created/Selected;
5996;Wild Boar/Javelina Attacking (Pig);
5997;Wild Boar/Javelina Attacking (Pig);
5998;Wild Boar/Javelina Attacking (Pig);
5999;Wild Boar/Javelina Dying (Pig);
6000;Unknown- Sack?;
6001;Random Pig (Ambient Sound);
6002;Unknown- Pig?;
6003;Random Pig (Ambient Sound);
6038;Sheep Tasked;
6039;Random Sheep (Ambient Noise);
6040;Random Sheep (Ambient Noise);
6041;Sheep Tasked;
6042;Sheep Selected;
6043;Unknown- Water?;
6044;Random Bird/Hawk/Macaw (Ambient Noise);
6045;Unknown- Siege Weapon?;
6046;Battering Ram Line Attacking;
6047;Battering Ram Line Attacking;
6048;Battering Ram Line Attacking;
6151;Random Horse Whinny (Ambient Sound);
6152;Mangonel Line Firing;
6153;Mangonel Line Firing;
6154;Mangonel Line Firing;
6157;Horseman Tasked;
6158;Mangonel Line Firing;
6159;Mangonel Line Firing;
6160;Mangonel Line Firing;
6161;Unknown Useless Sound;
6178;Monk Created;
6179;Horseman Tasked (Horse Galloping);
6180;Horseman Tasked (Horse Galloping);
6182;Unknown- Silence;
6183;Unknown- Silence;
6184;Female Villager Dying;
6185;Female Villager Dying;
6186;Female Villager Dying;
6187;Female Villager Dying;
6188;Female Villager Dying;
6189;Female Villager Dying;
6190;Unknown- Silence;
6191;Unknown- Silence;
6192;Unknown- Horse Sound?;
6193;Unknown- Horse Sound?;
6194;Horse Whinny;
6195;Horse Whinny;
6196;Siege Weapon Tasked;
6197;War Elephant Selected;
6415;Unknown Background Sound;
6416;Unknown Background Sound;
6417;War Elephant Dying;
6418;War Elphant Selected/Created;
6424;Siege Weapon Tasked;
6425;Villager Finished Building;
6426;Mameluke Attacking;
6427;Mameluke Attacking;
6428;Mameluke Attacking;
6433;Siege Weapon Selected;
6434;Relic Selected/Picked Up;
6435;Siege Weapon Selected;
6437;COBRA Car Created/Selected;
6438;VDML Tasked;
6439;VDML Tasked;
6440;VDML Tasked;
6441;VDML Tasked;
6442;VDML Tasked;
6443;VDML Selected;
6444;COBRA Car Tasked;
6445;COBRA Car Firing;
6450;Tarkan Attacking;
6451;Tarkan Attacking;
6452;Tarkan Attacking;
6453;Jaguar Attacking;
6454;Jaguar Growling;
6455;Jaguar Growling;
6456;Jaguar Growling;
6457;Unknown- Jaguar Growling?;
6458;Random BG Noise- Bird Cawing;
6519;Turkey Gobbling;
6520;Turkey Gobbling;
6757;Ship Destroyed;
50300;Submenu Selection;
50301;In-Game Selection;
50302;New Chat Message/Display Instructions;
50303;Error (Pop Limit Reached, Etc.);
50304;Tribute Received;
50305;Advanced to Next Age;
50306;Player Defeated;
50307;Recorded Game Ended;
50308;Wonder Victory Started;
50309;Wonder Selected;
50310;Wonder Victory Deactivated;
50311;Relic Victory Started;
50312;Relic Victory Deactivated;
50313;Enemy Monk Attacking;
50314;Lost Unit to Conversion;
50315;Player Unit Being Attacked;
50316;Player Building Being Attacked;
50317;Ally Signal Flare;
50318;Error (Not Enough Resources, Etc.);
50320;Player Victorious;
50321;Player Defeated;
50322;House Created/Selected;
50324;Unknown- No Clue :p;
50325;Archery Range Created/Selected;
50327;Ally Signal Flare;
50328;Farm Expired;
50329;Gather Point Set;
50330;Research Complete;
50331;Main Menu Selection;
50332;Main Menu Selection;
50333;Main Menu Selection;
50334;Main Menu Selection;
50335;Main Menu Selection;
50336;Main Menu Selection;
50337;Main Menu Selection;
50338;Unknown- Menu Selection?;
50354;Pop Limit Reached;
50355;Sheep Converted (Change Ownership Trig.);
50356;Sheep Converted (Change Ownership Trig.);
50357;Town Bell Rung;
50358;Town Bell- All Clear;
50359;Unknown- No Clue;
50360;Building Finished?;
50361;Tribute- Diplomacy Menu;
50362;Gate Locked;
50363;Gate Unlocked;
50364;Instruction Menu Changed;
50365;Relic Picked Up;
50366;Player Attacked By Wild Animals;
50367;Enemy Player Research Spies;
5759;Woman: ;
5774;Woman: ;
5501;Random Unit Speech;
5502;Random Unit Speech;
5503;Random Unit Speech;
5504;Random Unit Speech;
5505;Random Unit Speech;
5506;Random Unit Speech;
5507;Random Unit Speech;
5508;Random Unit Speech;
5509;Random Unit Speech;
5510;Random Unit Speech;
5511;Random Unit Speech;
5512;Random Unit Speech;
5513;Random Unit Speech;
5514;Random Unit Speech;
5535;Random Unit Speech;
5536;Random Unit Speech;
5537;Random Unit Speech;
5538;Random Unit Speech;
5539;Random Unit Speech;
5540;Random Unit Speech;
5541;Random Unit Speech;
5542;Random Unit Speech;
5543;Random Unit Speech;
5544;Random Unit Speech;
5545;Random Unit Speech;
5546;Random Unit Speech;
5547;Random Unit Speech;
5548;Random Unit Speech;
5549;Random Unit Speech;
5550;Random Unit Speech;
5551;Random Unit Speech;
5552;Random Unit Speech;
5553;Random Unit Speech;
5554;Random Unit Speech;
5571;Random Unit Speech;
5572;Random Unit Speech;
5573;Random Unit Speech;
5574;Random Unit Speech;
5575;Random Unit Speech;
5576;Random Unit Speech;
5577;Random Unit Speech;
5578;Random Unit Speech;
5579;Random Unit Speech;
5580;Random Unit Speech;
5581;Random Unit Speech;
5582;Random Unit Speech;
5583;Random Unit Speech;
5584;Random Unit Speech;
5585;Random Unit Speech;
5586;Random Unit Speech;
5587;Random Unit Speech;
5588;Random Unit Speech;
5589;Random Unit Speech;
5590;Random Unit Speech;
5591;Random Unit Speech;
5592;Random Unit Speech;
5593;Random Unit Speech;
5594;Random Unit Speech;
5595;Random Unit Speech;
5596;Random Unit Speech;
5597;Random Unit Speech;
5598;Random Unit Speech;
5599;Random Unit Speech;
5600;Random Unit Speech;
5601;Random Unit Speech;
5602;Random Unit Speech;
5603;Random Unit Speech;
5604;Random Unit Speech;
5605;Random Unit Speech;
5606;Random Unit Speech;
5607;Random Unit Speech;
5608;Random Unit Speech;
5609;Random Unit Speech;
5610;Random Unit Speech;
5611;Random Unit Speech;
5612;Random Unit Speech;
5613;Random Unit Speech;
5614;Random Unit Speech;
5615;Random Unit Speech;
5616;Random Unit Speech;
5617;Random Unit Speech;
5618;Random Unit Speech;
5619;Random Unit Speech;
5620;Random Unit Speech;
5621;Random Unit Speech;
5624;Random Unit Speech;
5625;Random Unit Speech;
5626;Random Unit Speech;
5627;Random Unit Speech;
5628;Random Unit Speech;
5629;Random Unit Speech;
5630;Random Unit Speech;
5631;Random Unit Speech;
5632;Random Unit Speech;
5633;Random Unit Speech;
5634;Random Unit Speech;
5635;Random Unit Speech;
5636;Random Unit Speech;
5637;Random Unit Speech;
5638;Random Unit Speech;
5639;Random Unit Speech;
5640;Random Unit Speech;
5641;Random Unit Speech;
5642;Random Unit Speech;
5643;Random Unit Speech;
5644;Random Unit Speech;
5645;Random Unit Speech;
5646;Random Unit Speech;
5647;Random Unit Speech;
5648;Random Unit Speech;
5652;Random Unit Speech;
5653;Random Unit Speech;
5654;Random Unit Speech;
5655;Random Unit Speech;
5656;Random Unit Speech;
5657;Random Unit Speech;
5658;Random Unit Speech;
5659;Random Unit Speech;
5660;Random Unit Speech;
5661;Random Unit Speech;
5662;Random Unit Speech;
5663;Random Unit Speech;
5664;Random Unit Speech;
5665;Random Unit Speech;
5666;Random Unit Speech;
5667;Random Unit Speech;
5668;Random Unit Speech;
5669;Random Unit Speech;
5670;Random Unit Speech;
5671;Random Unit Speech;
5672;Random Unit Speech;
5673;Random Unit Speech;
5674;Random Unit Speech;
5675;Random Unit Speech;
5676;Random Unit Speech;
5677;Random Unit Speech;
5678;Random Unit Speech;
5679;Random Unit Speech;
5680;Random Unit Speech;
5681;Random Unit Speech;
5682;Random Unit Speech;
5683;Random Unit Speech;
5684;Random Unit Speech;
5685;Random Unit Speech;
5686;Random Unit Speech;
5687;Random Unit Speech;
5688;Random Unit Speech;
5689;Random Unit Speech;
5690;Random Unit Speech;
5691;Random Unit Speech;
5692;Random Unit Speech;
5693;Random Unit Speech;
5694;Random Unit Speech;
5695;Random Unit Speech;
5696;Random Unit Speech;
5697;Random Unit Speech;
5698;Random Unit Speech;
5699;Random Unit Speech;
5700;Random Unit Speech;
5701;Random Unit Speech;
5702;Random Unit Speech;
5703;Random Unit Speech;
5704;Random Unit Speech;
5705;Random Unit Speech;
5706;Random Unit Speech;
5707;Random Unit Speech;
5708;Random Unit Speech;
5709;Random Unit Speech;
5710;Random Unit Speech;
5711;Random Unit Speech;
5712;Random Unit Speech;
5713;Random Unit Speech;
5714;Random Unit Speech;
5715;Random Unit Speech;
5716;Random Unit Speech;
5717;Random Unit Speech;
5718;Random Unit Speech;
5719;Random Unit Speech;
5720;Random Unit Speech;
5721;Random Unit Speech;
5722;Random Unit Speech;
5723;Random Unit Speech;
5724;Random Unit Speech;
5725;Random Unit Speech;
5726;Random Unit Speech;
5727;Random Unit Speech;
5728;Random Unit Speech;
5729;Random Unit Speech;
5730;Random Unit Speech;
5731;Random Unit Speech;
5732;Random Unit Speech;
5733;Random Unit Speech;
5734;Random Unit Speech;
5735;Random Unit Speech;
5736;Random Unit Speech;
5737;Random Unit Speech;
5738;Random Unit Speech;
5739;Random Unit Speech;
5740;Random Unit Speech;
5741;Random Unit Speech;
5742;Random Unit Speech;
5743;Random Unit Speech;
5744;Random Unit Speech;
5745;Random Unit Speech;
5746;Random Unit Speech;
5747;Random Unit Speech;
5748;Random Unit Speech;
5749;Random Unit Speech;
5750;Random Unit Speech;
5751;Random Unit Speech;
5752;Random Unit Speech;
5753;Random Unit Speech;
5754;Random Unit Speech;
5755;Random Unit Speech;
5756;Random Unit Speech;
5757;Random Unit Speech;
5758;Random Unit Speech;
5759;Random Unit Speech;
5760;Random Unit Speech;
5761;Random Unit Speech;
5762;Random Unit Speech;
5763;Random Unit Speech;
5764;Random Unit Speech;
5765;Random Unit Speech;
5766;Random Unit Speech;
5767;Random Unit Speech;
5768;Random Unit Speech;
5769;Random Unit Speech;
5770;Random Unit Speech;
5771;Random Unit Speech;
5772;Random Unit Speech;
5773;Random Unit Speech;
5774;Random Unit Speech;
5775;Random Unit Speech;
5776;Random Unit Speech;
5777;Random Unit Speech;
5778;Random Unit Speech;
5779;Random Unit Speech;
5780;Random Unit Speech;
5781;Random Unit Speech;
5782;Random Unit Speech;
5783;Random Unit Speech;
5784;Random Unit Speech;
5785;Random Unit Speech;
5786;Random Unit Speech;
5787;Random Unit Speech;
5788;Random Unit Speech;
5789;Random Unit Speech;
5790;Random Unit Speech;
5791;Random Unit Speech;
5792;Random Unit Speech;
5793;Random Unit Speech;
5794;Random Unit Speech;
5795;Random Unit Speech;
5796;Random Unit Speech;
5797;Random Unit Speech;
5798;Random Unit Speech;
5799;Random Unit Speech;
5800;Random Unit Speech;
5801;Random Unit Speech;
5802;Random Unit Speech;
5803;Random Unit Speech;
5804;Random Unit Speech;
5805;Random Unit Speech;
5806;Random Unit Speech;
5807;Random Unit Speech;
5808;Random Unit Speech;
5809;Random Unit Speech;
5810;Random Unit Speech;
5811;Random Unit Speech;
5812;Random Unit Speech;
5813;Random Unit Speech;
5814;Random Unit Speech;
5815;Random Unit Speech;
5816;Random Unit Speech;
5817;Random Unit Speech;
5818;Random Unit Speech;
5819;Random Unit Speech;
5820;Random Unit Speech;
5821;Random Unit Speech;
5822;Random Unit Speech;
5823;Random Unit Speech;
5824;Random Unit Speech;
5825;Random Unit Speech;
5826;Random Unit Speech;
5827;Random Unit Speech;
5828;Random Unit Speech;
5829;Random Unit Speech;
5830;Random Unit Speech;
5831;Random Unit Speech;
5832;Random Unit Speech;
5833;Random Unit Speech;
5834;Random Unit Speech;
5835;Random Unit Speech;
5836;Random Unit Speech;
5837;Random Unit Speech;
5838;Random Unit Speech;
5839;Random Unit Speech;
5840;Random Unit Speech;
5841;Random Unit Speech;
5842;Random Unit Speech;
5843;Random Unit Speech;
5844;Random Unit Speech;
5845;Random Unit Speech;
5846;Random Unit Speech;
5847;Random Unit Speech;
5848;Random Unit Speech;
5849;Random Unit Speech;
5850;Random Unit Speech;
5851;Random Unit Speech;
5852;Random Unit Speech;
5853;Random Unit Speech;
5854;Random Unit Speech;
5855;Random Unit Speech;
5856;Random Unit Speech;
5857;Random Unit Speech;
5858;Random Unit Speech;
5859;Random Unit Speech;
5860;Random Unit Speech;
5861;Random Unit Speech;
5862;Random Unit Speech;
5863;Random Unit Speech;
5864;Random Unit Speech;
5865;Random Unit Speech;
5866;Random Unit Speech;
5867;Random Unit Speech;
5868;Random Unit Speech;
5869;Random Unit Speech;
5870;Random Unit Speech;
5871;Random Unit Speech;
5872;Random Unit Speech;
5873;Random Unit Speech;
5874;Random Unit Speech;
5875;Random Unit Speech;
5876;Random Unit Speech;
5877;Random Unit Speech;
5878;Random Unit Speech;
5879;Random Unit Speech;
5880;Random Unit Speech;
5881;Random Unit Speech;
5882;Random Unit Speech;
5883;Random Unit Speech;
5884;Random Unit Speech;
5885;Random Unit Speech;
5886;Random Unit Speech;
5887;Random Unit Speech;
5888;Random Unit Speech;
5889;Random Unit Speech;
5890;Random Unit Speech;
5891;Random Unit Speech;
5892;Random Unit Speech;
5893;Random Unit Speech;
5894;Random Unit Speech;
5895;Random Unit Speech;
5896;Random Unit Speech;
5897;Random Unit Speech;
5898;Random Unit Speech;
5899;Random Unit Speech;
5900;Random Unit Speech;
5901;Random Unit Speech;
5902;Random Unit Speech;
5903;Random Unit Speech;
5904;Random Unit Speech;
5905;Random Unit Speech;
5906;Random Unit Speech;
5907;Random Unit Speech;
5908;Random Unit Speech;
5909;Random Unit Speech;
5910;Random Unit Speech;
5911;Random Unit Speech;
5912;Random Unit Speech;
5913;Random Unit Speech;
5914;Random Unit Speech;
5915;Random Unit Speech;
5916;Random Unit Speech;
5917;Random Unit Speech;
5918;Random Unit Speech;
5919;Random Unit Speech;
5920;Random Unit Speech;
5921;Random Unit Speech;
5922;Random Unit Speech;
5923;Random Unit Speech;
5924;Random Unit Speech;
5928;Random Unit Speech;
5929;Random Unit Speech;
5930;Random Unit Speech;
5931;Random Unit Speech;
5932;Random Unit Speech;
5933;Random Unit Speech;
5934;Random Unit Speech;
5935;Random Unit Speech;
5936;Random Unit Speech;
5937;Random Unit Speech;
5938;Random Unit Speech;
5939;Random Unit Speech;
5940;Random Unit Speech;
5941;Random Unit Speech;
5942;Random Unit Speech;
5943;Random Unit Speech;
5944;Random Unit Speech;
5945;Random Unit Speech;
5946;Random Unit Speech;
5947;Random Unit Speech;
5948;Random Unit Speech;
5949;Random Unit Speech;
5950;Random Unit Speech;
5951;Random Unit Speech;
5952;Random Unit Speech;
5953;Random Unit Speech;
5954;Random Unit Speech;
5955;Random Unit Speech;
5956;Random Unit Speech;
5957;Random Unit Speech;
5958;Random Unit Speech;
5959;Random Unit Speech;
5960;Random Unit Speech;
5961;Random Unit Speech;
5962;Random Unit Speech;
5963;Random Unit Speech;
5964;Random Unit Speech;
5965;Random Unit Speech;
5966;Random Unit Speech;
5967;Random Unit Speech;
5968;Random Unit Speech;
5969;Random Unit Speech;
5970;Random Unit Speech;
5971;Random Unit Speech;
5972;Random Unit Speech;
5973;Random Unit Speech;
5974;Random Unit Speech;
5975;Random Unit Speech;
5976;Random Unit Speech;
5977;Random Unit Speech;
5978;Random Unit Speech;
5979;Random Unit Speech;
5980;Random Unit Speech;
5981;Random Unit Speech;
5982;Random Unit Speech;
5983;Random Unit Speech;
5984;Random Unit Speech;
5985;Random Unit Speech;
5986;Random Unit Speech;
5987;Random Unit Speech;
5988;Random Unit Speech;
5989;Random Unit Speech;
5990;Random Unit Speech;
5991;Random Unit Speech;
5992;Random Unit Speech;
5993;Random Unit Speech;
5994;Random Unit Speech;
5995;Random Unit Speech;
5996;Random Unit Speech;
5997;Random Unit Speech;
5998;Random Unit Speech;
5999;Random Unit Speech;
6000;Random Unit Speech;
6001;Random Unit Speech;
6002;Random Unit Speech;
6003;Random Unit Speech;
6004;Random Unit Speech;
6005;Random Unit Speech;
6006;Random Unit Speech;
6007;Random Unit Speech;
6008;Random Unit Speech;
6009;Random Unit Speech;
6010;Random Unit Speech;
6011;Random Unit Speech;
6012;Random Unit Speech;
6013;Random Unit Speech;
6014;Random Unit Speech;
6015;Random Unit Speech;
6016;Random Unit Speech;
6017;Random Unit Speech;
6018;Random Unit Speech;
6019;Random Unit Speech;
6020;Random Unit Speech;
6021;Random Unit Speech;
6022;Random Unit Speech;
6023;Random Unit Speech;
6024;Random Unit Speech;
6025;Random Unit Speech;
6026;Random Unit Speech;
6027;Random Unit Speech;
6028;Random Unit Speech;
6029;Random Unit Speech;
6030;Random Unit Speech;
6031;Random Unit Speech;
6032;Random Unit Speech;
6033;Random Unit Speech;
6034;Random Unit Speech;
6035;Random Unit Speech;
6036;Random Unit Speech;
6037;Random Unit Speech;
6049;Random Unit Speech;
6050;Random Unit Speech;
6051;Random Unit Speech;
6052;Random Unit Speech;
6053;Random Unit Speech;
6054;Random Unit Speech;
6055;Random Unit Speech;
6056;Random Unit Speech;
6057;Random Unit Speech;
6058;Random Unit Speech;
6059;Random Unit Speech;
6060;Random Unit Speech;
6061;Random Unit Speech;
6062;Random Unit Speech;
6063;Random Unit Speech;
6064;Random Unit Speech;
6065;Random Unit Speech;
6066;Random Unit Speech;
6067;Random Unit Speech;
6068;Random Unit Speech;
6069;Random Unit Speech;
6070;Random Unit Speech;
6071;Random Unit Speech;
6072;Random Unit Speech;
6073;Random Unit Speech;
6074;Random Unit Speech;
6075;Random Unit Speech;
6076;Random Unit Speech;
6077;Random Unit Speech;
6078;Random Unit Speech;
6079;Random Unit Speech;
6080;Random Unit Speech;
6081;Random Unit Speech;
6082;Random Unit Speech;
6083;Random Unit Speech;
6084;Random Unit Speech;
6085;Random Unit Speech;
6086;Random Unit Speech;
6087;Random Unit Speech;
6088;Random Unit Speech;
6089;Random Unit Speech;
6090;Random Unit Speech;
6091;Random Unit Speech;
6092;Random Unit Speech;
6093;Random Unit Speech;
6094;Random Unit Speech;
6095;Random Unit Speech;
6096;Random Unit Speech;
6097;Random Unit Speech;
6098;Random Unit Speech;
6099;Random Unit Speech;
6100;Random Unit Speech;
6101;Random Unit Speech;
6102;Random Unit Speech;
6103;Random Unit Speech;
6104;Random Unit Speech;
6105;Random Unit Speech;
6106;Random Unit Speech;
6107;Random Unit Speech;
6108;Random Unit Speech;
6109;Random Unit Speech;
6110;Random Unit Speech;
6111;Random Unit Speech;
6112;Random Unit Speech;
6113;Random Unit Speech;
6114;Random Unit Speech;
6115;Random Unit Speech;
6116;Random Unit Speech;
6117;Random Unit Speech;
6118;Random Unit Speech;
6119;Random Unit Speech;
6120;Random Unit Speech;
6121;Random Unit Speech;
6122;Random Unit Speech;
6123;Random Unit Speech;
6124;Random Unit Speech;
6125;Random Unit Speech;
6126;Random Unit Speech;
6127;Random Unit Speech;
6128;Random Unit Speech;
6129;Random Unit Speech;
6130;Random Unit Speech;
6131;Random Unit Speech;
6132;Random Unit Speech;
6133;Random Unit Speech;
6134;Random Unit Speech;
6135;Random Unit Speech;
6136;Random Unit Speech;
6137;Random Unit Speech;
6138;Random Unit Speech;
6139;Random Unit Speech;
6140;Random Unit Speech;
6141;Random Unit Speech;
6142;Random Unit Speech;
6143;Random Unit Speech;
6144;Random Unit Speech;
6145;Random Unit Speech;
6146;Random Unit Speech;
6147;Random Unit Speech;
6148;Random Unit Speech;
6149;Random Unit Speech;
6150;Random Unit Speech;
6162;Random Unit Speech (All Female);
6163;Random Unit Speech (All Female);
6164;Random Unit Speech (All Female);
6165;Random Unit Speech (All Female);
6166;Random Unit Speech (All Female);
6167;Random Unit Speech (All Female);
6168;Random Unit Speech (All Female);
6169;Random Unit Speech (All Female);
6170;Random Unit Speech (All Female);
6171;Random Unit Speech (All Female);
6172;Random Unit Speech (All Female);
6173;Random Unit Speech (All Female);
6174;Random Unit Speech (All Female);
6175;Random Unit Speech (All Female);
6176;Random Unit Speech (All Female);
6177;Random Unit Speech (All Female);
6198;Villagers Talking;
6199;Villagers Talking;
6200;Villagers Talking;
6201;Villagers Talking;
6202;Villagers Talking;
6203;Villagers Talking;
6204;Villagers Talking;
6205;Villagers Talking;
6206;Villagers Talking;
6207;Villagers Talking;
6208;Villagers Talking;
6209;Villagers Talking;
6210;Villagers Talking;
6211;Villagers Talking;
6212;Villagers Talking;
6213;Villagers Talking;
6214;Villagers Talking;
6215;Villagers Talking;
6216;Villagers Talking;
6217;Villagers Talking;
6218;Villagers Talking;
6219;Villagers Talking;
6220;Villagers Talking;
6221;Villagers Talking;
6222;Villagers Talking;
6223;Villagers Talking;
6224;Villagers Talking;
6225;Villagers Talking;
6226;Villagers Talking;
6227;Villagers Talking;
6228;Villagers Talking;
6229;Villagers Talking;
6230;Villagers Talking;
6231;Villagers Talking;
6232;Villagers Talking;
6233;Villagers Talking;
6234;Villagers Talking;
6235;Villagers Talking;
6236;Villagers Talking;
6237;Villagers Talking;
6238;Villagers Talking;
6239;Villagers Talking;
6240;Villagers Talking;
6241;Villagers Talking;
6242;Villagers Talking;
6243;Villagers Talking;
6244;Villagers Talking;
6245;Villagers Talking;
6246;Villagers Talking;
6247;Villagers Talking;
6248;Villagers Talking;
6249;Villagers Talking;
6250;Villagers Talking;
6251;Villagers Talking;
6252;Villagers Talking;
6253;Villagers Talking;
6254;Villagers Talking;
6255;Villagers Talking;
6256;Villagers Talking;
6257;Villagers Talking;
6258;Villagers Talking;
6259;Villagers Talking;
6260;Villagers Talking;
6261;Villagers Talking;
6262;Villagers Talking;
6263;Villagers Talking;
6264;Villagers Talking;
6265;Villagers Talking;
6266;Villagers Talking;
6267;Villagers Talking;
6268;Villagers Talking;
6269;Villagers Talking;
6270;Villagers Talking;
6271;Villagers Talking;
6272;Villagers Talking;
6273;Villagers Talking;
6274;Villagers Talking;
6275;Villagers Talking;
6276;Villagers Talking;
6277;Villagers Talking;
6278;Villagers Talking;
6279;Villagers Talking;
6280;Villagers Talking;
6281;Villagers Talking;
6282;Villagers Talking;
6283;Villagers Talking;
6284;Villagers Talking;
6285;Villagers Talking;
6286;Villagers Talking;
6287;Villagers Talking;
6288;Villagers Talking;
6289;Villagers Talking;
6290;Villagers Talking;
6291;Villagers Talking;
6292;Villagers Talking;
6293;Villagers Talking;
6294;Villagers Talking;
6295;Villagers Talking;
6296;Villagers Talking;
6297;Villagers Talking;
6298;Villagers Talking;
6299;Villagers Talking;
6300;Villagers Talking;
6301;Villagers Talking;
6302;Villagers Talking;
6303;Villagers Talking;
6304;Villagers Talking;
6305;Villagers Talking;
6306;Villagers Talking;
6307;Villagers Talking;
6308;Villagers Talking;
6309;Villagers Talking;
6310;Villagers Talking;
6311;Villagers Talking;
6312;Villagers Talking;
6313;Villagers Talking;
6314;Villagers Talking;
6315;Villagers Talking;
6316;Villagers Talking;
6317;Villagers Talking;
6318;Villagers Talking;
6319;Villagers Talking;
6320;Villagers Talking;
6321;Villagers Talking;
6322;Villagers Talking;
6323;Villagers Talking;
6324;Villagers Talking;
6325;Villagers Talking;
6326;Villagers Talking;
6327;Villagers Talking;
6328;Villagers Talking;
6329;Villagers Talking;
6330;Villagers Talking;
6331;Villagers Talking;
6332;Villagers Talking;
6333;Villagers Talking;
6334;Villagers Talking;
6335;Villagers Talking;
6336;Villagers Talking;
6337;Villagers Talking;
6338;Villagers Talking;
6339;Villagers Talking;
6340;Villagers Talking;
6341;Villagers Talking;
6342;Villagers Talking;
6343;Villagers Talking;
6344;Villagers Talking;
6345;Villagers Talking;
6346;Villagers Talking;
6347;Villagers Talking;
6348;Villagers Talking;
6349;Villagers Talking;
6350;Villagers Talking;
6351;Villagers Talking;
6352;Villagers Talking;
6353;Villagers Talking;
6354;Villagers Talking;
6355;Villagers Talking;
6356;Villagers Talking;
6357;Villagers Talking;
6358;Villagers Talking;
6359;Villagers Talking;
6360;Villagers Talking;
6361;Villagers Talking;
6362;Villagers Talking;
6363;Villagers Talking;
6364;Villagers Talking;
6365;Villagers Talking;
6366;Villagers Talking;
6367;Villagers Talking;
6368;Villagers Talking;
6369;Villagers Talking;
6370;Villagers Talking;
6371;Villagers Talking;
6372;Villagers Talking;
6373;Villagers Talking;
6374;Villagers Talking;
6375;Villagers Talking;
6376;Villagers Talking;
6377;Villagers Talking;
6378;Villagers Talking;
6379;Villagers Talking;
6380;Villagers Talking;
6381;Villagers Talking;
6382;Villagers Talking;
6383;Villagers Talking;
6384;Villagers Talking;
6385;Villagers Talking;
6386;Villagers Talking;
6387;Villagers Talking;
6388;Villagers Talking;
6389;Villagers Talking;
6390;Villagers Talking;
6391;Villagers Talking;
6392;Villagers Talking;
6393;Villagers Talking;
6394;Villagers Talking;
6395;Villagers Talking;
6396;Villagers Talking;
6397;Villagers Talking;
6398;Villagers Talking;
6399;Villagers Talking;
6400;Villagers Talking;
6401;Villagers Talking;
6402;Villagers Talking;
6403;Villagers Talking;
6404;Villagers Talking;
6405;Villagers Talking;
6406;Villagers Talking;
6407;Villagers Talking;
6408;Villagers Talking;
6409;Villagers Talking;
6410;Villagers Talking;
6411;Villagers Talking;
6412;Villagers Talking;
6413;Villagers Talking;
6414;Villagers Talking;
6419;Villagers Talking;
6420;Villagers Talking;
6421;Villagers Talking;
6422;Villagers Talking;
6423;Villagers Talking;
6429;Villagers Talking;
6430;Villagers Talking;
6431;Villagers Talking;
6432;Villagers Talking;
6459;Villagers Talking;
6460;Villagers Talking;
6461;Villagers Talking;
6462;Villagers Talking;
6463;Villagers Talking;
6464;Villagers Talking;
6465;Villagers Talking;
6466;Villagers Talking;
6467;Villagers Talking;
6468;Villagers Talking;
6469;Villagers Talking;
6470;Villagers Talking;
6471;Villagers Talking;
6472;Villagers Talking;
6473;Villagers Talking;
6474;Villagers Talking;
6475;Villagers Talking;
6476;Villagers Talking;
6477;Villagers Talking;
6478;Villagers Talking;
6479;Villagers Talking;
6480;Villagers Talking;
6481;Villagers Talking;
6482;Villagers Talking;
6483;Villagers Talking;
6484;Villagers Talking;
6485;Villagers Talking;
6486;Villagers Talking;
6487;Villagers Talking;
6488;Villagers Talking;
6489;Villagers Talking;
6490;Villagers Talking;
6491;Villagers Talking;
6492;Villagers Talking;
6493;Villagers Talking;
6494;Villagers Talking;
6495;Villagers Talking;
6496;Villagers Talking;
6497;Villagers Talking;
6498;Villagers Talking;
6499;Villagers Talking;
6500;Villagers Talking;
6501;Villagers Talking;
6502;Villagers Talking;
6503;Villagers Talking;
6504;Villagers Talking;
6505;Villagers Talking;
6506;Villagers Talking;
6507;Villagers Talking;
6508;Villagers Talking;
6509;Villagers Talking;
6510;Villagers Talking;
6511;Villagers Talking;
6512;Villagers Talking;
6513;Villagers Talking;
6514;Villagers Talking;
6515;Villagers Talking;
6516;Villagers Talking;
6517;Villagers Talking;
6518;Villagers Talking;
6521;Villagers Talking;
6522;Villagers Talking;
6523;Villagers Talking;
6524;Villagers Talking;
6525;Villagers Talking;
6526;Villagers Talking;
6527;Villagers Talking;
6528;Villagers Talking;
6529;Villagers Talking;
6530;Villagers Talking;
6531;Villagers Talking;
6532;Villagers Talking;
6533;Villagers Talking;
6534;Villagers Talking;
6535;Villagers Talking;
6536;Villagers Talking;
6537;Villagers Talking;
6538;Villagers Talking;
6539;Villagers Talking;
6540;Villagers Talking;
6541;Villagers Talking;
6542;Villagers Talking;
6543;Villagers Talking;
6544;Villagers Talking;
6545;Villagers Talking;
6546;Villagers Talking;
6547;Villagers Talking;
6548;Villagers Talking;
6549;Villagers Talking;
6550;Villagers Talking;
6551;Villagers Talking;
6552;Villagers Talking;
6553;Villagers Talking;
6554;Villagers Talking;
6555;Villagers Talking;
6556;Villagers Talking;
6557;Villagers Talking;
6558;Villagers Talking;
6559;Villagers Talking;
6560;Villagers Talking;
6561;Villagers Talking;
6562;Villagers Talking;
6563;Villagers Talking;
6564;Villagers Talking;
6565;Villagers Talking;
6566;Villagers Talking;
6567;Villagers Talking;
6568;Villagers Talking;
6569;Villagers Talking;
6570;Villagers Talking;
6571;Villagers Talking;
6572;Villagers Talking;
6573;Villagers Talking;
6574;Villagers Talking;
6575;Villagers Talking;
6576;Villagers Talking;
6577;Villagers Talking;
6578;Villagers Talking;
6579;Villagers Talking;
6580;Villagers Talking;
6581;Villagers Talking;
6582;Villagers Talking;
6583;Villagers Talking;
6584;Villagers Talking;
6585;Villagers Talking;
6586;Villagers Talking;
6587;Villagers Talking;
6588;Villagers Talking;
6589;Villagers Talking;
6590;Villagers Talking;
6591;Villagers Talking;
6592;Villagers Talking;
6593;Villagers Talking;
6594;Villagers Talking;
6595;Villagers Talking;
6596;Villagers Talking;
6597;Villagers Talking;
6598;Villagers Talking;
6599;Villagers Talking;
6600;Villagers Talking;
6601;Villagers Talking;
6602;Villagers Talking;
6603;Villagers Talking;
6604;Villagers Talking;
6605;Villagers Talking;
6606;Villagers Talking;
6607;Villagers Talking;
6608;Villagers Talking;
6609;Villagers Talking;
6610;Villagers Talking;
6611;Villagers Talking;
6612;Villagers Talking;
6613;Villagers Talking;
6614;Villagers Talking;
6615;Villagers Talking;
6616;Villagers Talking;
6617;Villagers Talking;
6618;Villagers Talking;
6619;Villagers Talking;
6620;Villagers Talking;
6621;Villagers Talking;
6622;Villagers Talking;
6623;Villagers Talking;
6624;Villagers Talking;
6625;Villagers Talking;
6626;Villagers Talking;
6627;Villagers Talking;
6628;Villagers Talking;
6629;Villagers Talking;
6630;Villagers Talking;
6631;Villagers Talking;
6632;Villagers Talking;
6633;Villagers Talking;
6634;Villagers Talking;
6635;Villagers Talking;
6636;Villagers Talking;
6637;Villagers Talking;
6638;Villagers Talking;
6639;Villagers Talking;
6640;Villagers Talking;
6641;Villagers Talking;
6642;Villagers Talking;
6643;Villagers Talking;
6644;Villagers Talking;
6645;Villagers Talking;
6646;Villagers Talking;
6647;Villagers Talking;
6648;Villagers Talking;
6649;Villagers Talking;
6650;Villagers Talking;
6651;Villagers Talking;
6652;Villagers Talking;
6653;Villagers Talking;
6654;Villagers Talking;
6655;Villagers Talking;
6656;Villagers Talking;
6657;Villagers Talking;
6658;Villagers Talking;
6659;Villagers Talking;
6660;Villagers Talking;
6661;Villagers Talking;
6662;Villagers Talking;
6663;Villagers Talking;
6664;Villagers Talking;
6665;Villagers Talking;
6666;Villagers Talking;
6667;Villagers Talking;
6668;Villagers Talking;
6669;Villagers Talking;
6670;Villagers Talking;
6671;Villagers Talking;
6672;Villagers Talking;
6673;Villagers Talking;
6674;Villagers Talking;
6675;Villagers Talking;
6676;Villagers Talking;
6677;Villagers Talking;
6678;Villagers Talking;
6679;Villagers Talking;
6680;Villagers Talking;
6681;Villagers Talking;
6682;Villagers Talking;
6683;Villagers Talking;
6684;Villagers Talking;
6685;Villagers Talking;
6686;Villagers Talking;
6687;Villagers Talking;
6688;Villagers Talking;
6689;Villagers Talking;
6690;Villagers Talking;
6691;Villagers Talking;
6692;Villagers Talking;
6693;Villagers Talking;
6694;Villagers Talking;
6695;Villagers Talking;
6696;Villagers Talking;
6697;Villagers Talking;
6698;Villagers Talking;
6699;Villagers Talking;
6700;Villagers Talking;
6701;Villagers Talking;
6702;Villagers Talking;
6703;Villagers Talking;
6704;Villagers Talking;
6705;Villagers Talking;
6706;Villagers Talking;
6707;Villagers Talking;
6708;Villagers Talking;
6709;Villagers Talking;
6710;Villagers Talking;
6711;Villagers Talking;
6712;Villagers Talking;
6713;Villagers Talking;
6714;Villagers Talking;
6715;Villagers Talking;
6716;Villagers Talking;
6717;Villagers Talking;
6718;Villagers Talking;
6719;Villagers Talking;
6720;Villagers Talking;
6721;Villagers Talking;
6722;Villagers Talking;
6723;Villagers Talking;
6724;Villagers Talking;
6725;Villagers Talking;
6726;Villagers Talking;
6727;Villagers Talking;
6728;Villagers Talking;
6729;Villagers Talking;
6730;Villagers Talking;
6731;Villagers Talking;
6732;Villagers Talking;
6733;Villagers Talking;
6734;Villagers Talking;
6735;Villagers Talking;
6736;Villagers Talking;
6737;Villagers Talking;
6738;Villagers Talking;
6739;Villagers Talking;
6740;Villagers Talking;
6741;Villagers Talking;
6742;Villagers Talking;
6743;Villagers Talking;
6744;Villagers Talking;
6745;Villagers Talking;
6746;Villagers Talking;
6747;Villagers Talking;
6748;Villagers Talking;
6749;Villagers Talking;
6750;Villagers Talking;
6751;Villagers Talking;
6752;Villagers Talking;
6753;Villagers Talking;
6754;Villagers Talking;
6755;Villagers Talking;
6756;Villagers Talking;
